Asset Name;Type;Criticality;Classification;Owner;Location
sl-01-ams.nl.seacomnet.com;Service Server;Medium;Internal;Network Operations;Amsterdam
ns-01-cpt.za.seacomnet.com;DNS Server;High;Internal;Network Operations;Cape Town
ns-02-cpt.za.seacomnet.com;DNS Server;High;Internal;Network Operations;Cape Town
ns-03-cpt.za.seacomnet.com;DNS Server;High;Internal;Network Operations;Cape Town
sl-01-cpt.za.seacomnet.com;Service Server;Medium;Internal;Network Operations;Cape Town
ns-01-dar.tz.seacomnet.com;DNS Server;High;Internal;Network Operations;Dar es Salaam
ns-02-dar.tz.seacomnet.com;DNS Server;High;Internal;Network Operations;Dar es Salaam
ns-03-dar.tz.seacomnet.com;DNS Server;High;Internal;Network Operations;Dar es Salaam
ns-04-dar.tz.seacomnet.com;DNS Server;High;Internal;Network Operations;Dar es Salaam
sl-01-dar.tz.seacomnet.com;Service Server;Medium;Internal;Network Operations;Dar es Salaam
sl-01-ebb.ug.seacomnet.com;Service Server;Medium;Internal;Network Operations;Entebbe
sl-01-fra.de.seacomnet.com;Service Server;Medium;Internal;Network Operations;Frankfurt
as37100.net;AS37100 Services;Medium;Internal;Network Operations;Johannesburg
ns-01-jnb.za.seacomnet.com;DNS Master;High;Internal;Network Operations;Johannesburg
ns-02-jnb.za.seacomnet.com;DNS Server;High;Internal;Network Operations;Johannesburg
ns-03-jnb.za.seacomnet.com;DNS Server;High;Internal;Network Operations;Johannesburg
nms.seacomnet.com;Jump Box / NMS;High;Confidential;NOC / DevOps;Johannesburg
nms2.seacomnet.com;Jump Box / NMS;High;Confidential;NOC / DevOps;Johannesburg
latency.seacom.com;Latency Monitoring/Testing;Low;Internal;NOC / DevOps;Johannesburg
lg.seacomnet.com;Looking Glass;Low;Internal;NOC / DevOps;Johannesburg
racktables.seacom.mu;Rack Management;Low;Internal;NOC / DevOps;Johannesburg
sl-01-jnb.za.seacomnet.com;Service Server;Medium;Internal;Network Operations;Johannesburg
sl-01-kgl.rw.seacomnet.com;Service Layer;Medium;Internal;Network Operations;Kigali
ns-01-lhr.uk.seacomnet.com;DNS Server;High;Internal;Network Operations;London
ns-02-lhr.uk.seacomnet.com;DNS Server;High;Internal;Network Operations;London
ns-03-lhr.uk.seacomnet.com;DNS Server;High;Internal;Network Operations;London
sl-01-lhr.uk.seacomnet.com;Service Server;Medium;Internal;Network Operations;London
sl-02-lhr.uk.seacomnet.com;Service Server;Medium;Internal;Network Operations;London
ns-01-mpm.mz.seacomnet.com;DNS Server;High;Internal;Network Operations;Maputo
ns-02-mpm.mz.seacomnet.com;DNS Server;High;Internal;Network Operations;Maputo
ns-03-mpm.mz.seacomnet.com;DNS Server;High;Internal;Network Operations;Maputo
ns-04-mpm.mz.seacomnet.com;DNS Server;High;Internal;Network Operations;Maputo
sl-01-mpm.mz.seacomnet.com;Service Server;Medium;Internal;Network Operations;Maputo
ns-03-mrs.fr.seacomnet.com;DNS Master;High;Internal;Network Operations;Marseille
ns-02-mrs.fr.seacomnet.com;DNS Server;High;Internal;Network Operations;Marseille
ns-04-mrs.fr.seacomnet.com;DNS Server;High;Internal;Network Operations;Marseille
sl-01-mrs.fr.seacomnet.com;Service Server;Medium;Internal;Network Operations;Marseille
seacom.mu;Corporate Website;Medium;Public;IT / Marketing;Mombasa
ns-02-mba.ke.seacomnet.com;DNS Master;High;Internal;Network Operations;Mombasa
ns-01-mba.ke.seacomnet.com;DNS Server;High;Internal;Network Operations;Mombasa
records.seacom.com;Rack Management;Low;Internal;NOC / DevOps;Mombasa
sl-01-mba.ke.seacomnet.com;Service Server;Medium;Internal;Network Operations;Mombasa
ns-01-emg.za.seacomnet.com;DNS Server;High;Internal;Network Operations;Mtunzini
sl-01-emg.za.seacomnet.com;Service Server;Medium;Internal;Network Operations;Mtunzini
ns-01-nbo.ke.seacomnet.com;DNS Server;High;Internal;Network Operations;Nairobi
ns-02-nbo.ke.seacomnet.com;DNS Server;High;Internal;Network Operations;Nairobi
sl-01-nbo.ke.seacomnet.com;Service Server;Medium;Internal;Network Operations;Nairobi
sl-01-nbo.ke.seacomnet.com;Service Server;Medium;Internal;Network Operations;Nairobi
hv-01-cpt.za.seacomnet.com;Hypervisor (ESXi 5.5);High;Internal;Infrastructure / Virtualisation;Rondebosch , Cape Town
hv-01-ebb.ug.seacomnet.com;Hypervisor (ESXi 7.0);High;Internal;Infrastructure / Virtualisation;Kampala, Uganda
hv-01-emg.za.seacomnet.com;Hypervisor (ESXi 6.0);High;Internal;Infrastructure / Virtualisation;Mtunzini
hv-01-jnb.za.seacomnet.com;Hypervisor (ESXi 5.5);High;Internal;Infrastructure / Virtualisation;Bryanston , Johannesburg , Gauteng , Sou
hv-01-lhr.uk.seacomnet.com;Hypervisor (ESXi 6.0);High;Internal;Infrastructure / Virtualisation;Slough, London
hv-01-mba.ke.seacomnet.com;Hypervisor (ESXi 6.5);High;Internal;Infrastructure / Virtualisation;Mombasa , Kenya
hv-01-mrs.fr.seacomnet.com;Hypervisor (ESXi 6.0);High;Internal;Infrastructure / Virtualisation;Marseille
hv-01-nbo.ke.seacomnet.com;Hypervisor (ESXi 5.5);High;Internal;Infrastructure / Virtualisation;Nairobi (ADC Sameer Park)
hv-02-cpt.za.seacomnet.com;Hypervisor (ESXi 5.5);High;Internal;Infrastructure / Virtualisation;Mowbray , Cape Town
hv-02-dar.tz.seacomnet.com;Hypervisor (ESXi 6.7);High;Internal;Infrastructure / Virtualisation;Dar Es Salaam , Tanzania
hv-02-emg.za.seacomnet.com;Hypervisor (ESXi 6.7);High;Internal;Infrastructure / Virtualisation;Mtunzini
hv-02-mba.ke.seacomnet.com;Hypervisor (ESXi 6.5);High;Internal;Infrastructure / Virtualisation;Mombasa , Kenya
hv-02-mpm.mz.seacomnet.com;Hypervisor (ESXi 7.0);High;Internal;Infrastructure / Virtualisation;Maputo, Mozambique
hv-02-mrs.fr.seacomnet.com;Hypervisor (ESXi 7.0);High;Internal;Infrastructure / Virtualisation;Marseille
hv-02-nbo.ke.seacomnet.com;Hypervisor (ESXi 7.0);High;Internal;Infrastructure / Virtualisation;Nairobi (ADC Sameer Park)
hv-03-cpt.za.seacomnet.com;Hypervisor (ESXi 7.0);High;Internal;Infrastructure / Virtualisation;Mowbray , Cape Town
hv-03-emg.za.seacomnet.com;Hypervisor (ESXi 7.0);High;Internal;Infrastructure / Virtualisation;Mtunzini
hv-03-jnb.za.seacomnet.com;Hypervisor (ESXi 5.5);High;Internal;Infrastructure / Virtualisation;Isando , Johannesburg , South Africa
hv-03-lhr.uk.seacomnet.com;Hypervisor (ESXi 7.0);High;Internal;Infrastructure / Virtualisation;Telehouse North, London
hv-03-mba.ke.seacomnet.com;Hypervisor (ESXi 6.5);High;Internal;Infrastructure / Virtualisation;Mombasa , Kenya
hv-03-mpm.mz.seacomnet.com;Hypervisor (ESXi 8.0);High;Internal;Infrastructure / Virtualisation;Maputo, Mozambique
hv-03-nbo.ke.seacomnet.com;Hypervisor (ESXi 6.7);High;Internal;Infrastructure / Virtualisation;Nairobi (ADC Sameer Park)
hv-04-cpt.za.seacomnet.com;Hypervisor (ESXi 7.0);High;Internal;Infrastructure / Virtualisation;Mowbray , Cape Town
hv-04-jnb.za.seacomnet.com;Hypervisor (ESXi 6.7);High;Internal;Infrastructure / Virtualisation;Bryanston , Johannesburg , Gauteng , Sou
hv-04-lhr.uk.seacomnet.com;Hypervisor (ESXi 6.7);High;Internal;Infrastructure / Virtualisation;Telehouse North, London
hv-04-mba.ke.seacomnet.com;Hypervisor (ESXi 6.7);High;Internal;Infrastructure / Virtualisation;Mombasa , Kenya
hv-04-nbo.ke.seacomnet.com;Hypervisor (ESXi 6.7);High;Internal;Infrastructure / Virtualisation;Nairobi (ADC Sameer Park)
hv-05-jnb.za.seacomnet.com;Hypervisor (ESXi 6.0);High;Internal;Infrastructure / Virtualisation;Isando , Johannesburg , South Africa
hv-05-mba.ke.seacomnet.com;Hypervisor (ESXi 6.7);High;Internal;Infrastructure / Virtualisation;Mombasa , Kenya
hv-06-jnb.za.seacomnet.com;Hypervisor (ESXi 6.7);High;Internal;Infrastructure / Virtualisation;Isando , Johannesburg , South Africa
hv-07-jnb.za.seacomnet.com;Hypervisor (ESXi 6.7);High;Internal;Infrastructure / Virtualisation;Isando , Johannesburg , South Africa
hv-08-jnb.za.seacomnet.com;Hypervisor (ESXi 6.7);High;Internal;Infrastructure / Virtualisation;Isando , Johannesburg , South Africa
hv-09-jnb.za.seacomnet.com;Hypervisor (ESXi 7.0);High;Internal;Infrastructure / Virtualisation;Bryanston , Johannesburg , Gauteng , Sou
hv-10-jnb.za.seacomnet.com;Hypervisor (ESXi 6.7);High;Internal;Infrastructure / Virtualisation;Isando , Johannesburg , South Africa
hv-11-jnb.za.seacomnet.com;Hypervisor (ESXi 7.0);High;Internal;Infrastructure / Virtualisation;Isando , Johannesburg , South Africa
hv-12-jnb.za.seacomnet.com;Hypervisor (ESXi 7.0);High;Internal;Infrastructure / Virtualisation;Isando , Johannesburg , South Africa
hv-13-jnb.za.seacomnet.com;Hypervisor (ESXi 7.0);High;Internal;Infrastructure / Virtualisation;Johannesburg,South Africa
hv-aaa-cpt.za.seacomnet.com;Hypervisor (ESXi 7.0);High;Internal;Infrastructure / Virtualisation;Rondebosch , Cape Town
hv-aaa-emg.za.seacomnet.com;Hypervisor (ESXi 7.0);High;Internal;Infrastructure / Virtualisation;Mtunzini
hv-aaa-jnb.za.seacomnet.com;Hypervisor (ESXi 7.0);High;Internal;Infrastructure / Virtualisation;Isando , Johannesburg , South Africa
swc-proxmox1;Hypervisor (Proxmox);High;Internal;Infrastructure / Virtualisation;Rondebosch , Cape Town
swc-proxmox2;Hypervisor (Proxmox);High;Internal;Infrastructure / Virtualisation;Rondebosch , Cape Town
swc-proxmox3;Hypervisor (Proxmox);High;Internal;Infrastructure / Virtualisation;Rondebosch , Cape Town
vcenter-01;Management Server (vCenter);High;Internal;Infrastructure / Virtualisation;Isando, Johannesburg, South Africa
seacom-soa-prod-app01;Cloud VM (Hyper-V);High;Internal;iPaaS / Integration;SEACOM Cloud
seacom-soa-prod-app02;Cloud VM (Hyper-V);High;Internal;iPaaS / Integration;SEACOM Cloud
seacom-soa-prod-ctl01;Cloud VM (Hyper-V);High;Internal;iPaaS / Integration;SEACOM Cloud
seacom-soa-prod-db01;Cloud VM (Hyper-V);High;Confidential;iPaaS / Integration;SEACOM Cloud
seacom-soa-prod-db02;Cloud VM (Hyper-V);High;Confidential;iPaaS / Integration;SEACOM Cloud
seacom-soa-qa01;Cloud VM (Hyper-V);Low;Internal;iPaaS / Integration;SEACOM Cloud
EPP-SCOM;Cloud VM (Hyper-V);Medium;Internal;SEACOM Cloud Ops;SEACOM Cloud
seanixapp-01.prod.jnb.za;Cloud VM (Hyper-V);High;Internal;Contact Centre;SEACOM Cloud
seanixsql-01.prod.jnb.za;Cloud VM (Hyper-V);High;Confidential;Contact Centre;SEACOM Cloud
seanixmed-01.prod.jnb.za;Cloud VM (Hyper-V);High;Internal;Contact Centre;SEACOM Cloud
Prod CogNitive NOC-App;Cloud VM (Hyper-V);High;Internal;NOC Team;SEACOM Cloud
Prod U&A Management;Cloud VM (Hyper-V);High;Internal;NOC Team;SEACOM Cloud
Prod Auto TT -App;Cloud VM (Hyper-V);High;Internal;NOC Team;SEACOM Cloud
Prod NAP -App;Cloud VM (Hyper-V);High;Internal;NOC Team;SEACOM Cloud
Prod Gen-AI;Cloud VM (Hyper-V);High;Internal;NOC Team;SEACOM Cloud
Prod Database VM;Cloud VM (Hyper-V);High;Internal;NOC Team;SEACOM Cloud
Prod Archival DB VM;Cloud VM (Hyper-V);High;Confidential;NOC Team;SEACOM Cloud
Prod Database VM1;Cloud VM (Hyper-V);High;Internal;NOC Team;SEACOM Cloud
Prod Database VM2;Cloud VM (Hyper-V);High;Internal;NOC Team;SEACOM Cloud
Prod CogNitive NOC-App1;Cloud VM (Hyper-V);High;Internal;NOC Team;SEACOM Cloud
Prod U&A Management1;Cloud VM (Hyper-V);High;Internal;NOC Team;SEACOM Cloud
Prod Auto TT -App1;Cloud VM (Hyper-V);High;Internal;NOC Team;SEACOM Cloud
Prod NAP -App1;Cloud VM (Hyper-V);High;Internal;NOC Team;SEACOM Cloud
Prod Gen-AI1;Cloud VM (Hyper-V);High;Internal;NOC Team;SEACOM Cloud
Test Cognitive NOC-App;Cloud VM (Hyper-V);Low;Internal;NOC Team;SEACOM Cloud
Test Auto TT & NAP -App;Cloud VM (Hyper-V);Low;Internal;NOC Team;SEACOM Cloud
Test Gen-AI;Cloud VM (Hyper-V);Low;Internal;NOC Team;SEACOM Cloud
Test Database VM;Cloud VM (Hyper-V);Low;Internal;NOC Team;SEACOM Cloud
UAT Cognitive NOC-App;Cloud VM (Hyper-V);Low;Internal;NOC Team;SEACOM Cloud
UAT Auto TT & NAP -App;Cloud VM (Hyper-V);Low;Internal;NOC Team;SEACOM Cloud
UAT Gen-AI;Cloud VM (Hyper-V);Low;Internal;NOC Team;SEACOM Cloud
UAT Database VM;Cloud VM (Hyper-V);Low;Internal;NOC Team;SEACOM Cloud
UAT Database VM1;Cloud VM (Hyper-V);Low;Internal;NOC Team;SEACOM Cloud
seacom-soa-qa-acs01;Cloud VM (Hyper-V);Low;Internal;iPaaS / Integration;SEACOM Cloud
seacom-soa-qa-app01;Cloud VM (Hyper-V);Low;Internal;iPaaS / Integration;SEACOM Cloud
seacom-soa-qa-app02;Cloud VM (Hyper-V);Low;Internal;iPaaS / Integration;SEACOM Cloud
seacom-soa-qa-ctl01;Cloud VM (Hyper-V);Low;Internal;iPaaS / Integration;SEACOM Cloud
seacom-soa-qa-db01;Cloud VM (Hyper-V);Low;Confidential;iPaaS / Integration;SEACOM Cloud
seacom-soa-qa-db02;Cloud VM (Hyper-V);Low;Confidential;iPaaS / Integration;SEACOM Cloud
seacom-soa-dev-acs01;Cloud VM (Hyper-V);Low;Internal;iPaaS / Integration;SEACOM Cloud
seacom-soa-dev-app01;Cloud VM (Hyper-V);Low;Internal;iPaaS / Integration;SEACOM Cloud
seacom-soa-dev-app02;Cloud VM (Hyper-V);Low;Internal;iPaaS / Integration;SEACOM Cloud
seacom-soa-dev-ctl01;Cloud VM (Hyper-V);Low;Internal;iPaaS / Integration;SEACOM Cloud
seacom-soa-dev-db01;Cloud VM (Hyper-V);Low;Confidential;iPaaS / Integration;SEACOM Cloud
seacom-soa-de-db02;Cloud VM (Hyper-V);Low;Confidential;iPaaS / Integration;SEACOM Cloud
dce-01-jnb.seacom.mu;Cloud VM (Hyper-V);Medium;Internal;IRIS / NMS;SEACOM Cloud
ZKTBIOSEC;Cloud VM (Hyper-V);Medium;Internal;Security / Access;SEACOM Cloud
TM4-01;Cloud VM (Hyper-V);Medium;Internal;Security / Access;SEACOM Cloud
SeacomCloud01;Cloud VM (Hyper-V);Medium;Internal;SEACOM Cloud Ops;SEACOM Cloud
Dev-ErpApp-01;Cloud VM (Hyper-V);Low;Confidential;ERP / Billing;SEACOM Cloud
Dev-ErpDB-01;Cloud VM (Hyper-V);Low;Confidential;ERP / Billing;SEACOM Cloud
Dev-ErpDB-02;Cloud VM (Hyper-V);Low;Confidential;ERP / Billing;SEACOM Cloud
BILLING-APP3-QA;Cloud VM (Hyper-V);Low;Confidential;ERP / Billing;SEACOM Cloud
BILLING-DB-QA;Cloud VM (Hyper-V);Low;Confidential;ERP / Billing;SEACOM Cloud
QA-ERP-APP01;Cloud VM (Hyper-V);Low;Confidential;ERP / Billing;SEACOM Cloud
QA-ERP-DB01;Cloud VM (Hyper-V);Low;Confidential;ERP / Billing;SEACOM Cloud
Seacom-LiveSQL-01;Cloud VM (Hyper-V);High;Confidential;ERP / Billing;SEACOM Cloud
Seacom-LiveERP-01;Cloud VM (Hyper-V);High;Confidential;ERP / Billing;SEACOM Cloud
Live-BillApp-01;Cloud VM (Hyper-V);High;Confidential;ERP / Billing;SEACOM Cloud
Live-BillAppDB-01;Cloud VM (Hyper-V);High;Confidential;ERP / Billing;SEACOM Cloud
Observium-02;Cloud VM (Hyper-V);High;Confidential;ERP / Billing;SEACOM Cloud
Bi360-App01;Cloud VM (Hyper-V);High;Confidential;ERP / Billing;SEACOM Cloud
Bi360-DB01;Cloud VM (Hyper-V);High;Confidential;ERP / Billing;SEACOM Cloud
Dyn Vantage Point-CPT;Virtual Machine;Medium;Internal;Infrastructure / Virtualisation;Cape Town
ln-01-cpt.za;Virtual Machine;Medium;Internal;Infrastructure / Virtualisation;Cape Town
ns-02-cpt;Virtual Machine;High;Internal;Infrastructure / Virtualisation;Cape Town
rs-01-cpt;Virtual Machine;Medium;Internal;Infrastructure / Virtualisation;Cape Town
sl-01-cpt.za;Virtual Machine;Medium;Internal;Infrastructure / Virtualisation;Cape Town
ln-01-ebb.ug.seacomnet.com;Virtual Machine;Medium;Internal;Infrastructure / Virtualisation;Entebbe
vs-01-ebb v 7.0;Virtual Machine;Medium;Internal;Infrastructure / Virtualisation;Entebbe
Dyn Probe-EMG;Virtual Machine;Medium;Internal;Infrastructure / Virtualisation;Mtunzini
EXFO RTU NMS-FMS;Virtual Machine;Medium;Internal;Infrastructure / Virtualisation;Mtunzini
FreeBSD (64-bit);Virtual Machine;Medium;Internal;Infrastructure / Virtualisation;Mtunzini
Influxd;Virtual Machine;Medium;Internal;Infrastructure / Virtualisation;Mtunzini
Other Linux (64-bit);Virtual Machine;Medium;Internal;Infrastructure / Virtualisation;Mtunzini
TX Pfsense;Virtual Machine;Medium;Internal;Infrastructure / Virtualisation;Mtunzini
cp.seacom.io copy;Virtual Machine;Low;Internal;Infrastructure / Virtualisation;Mtunzini
cp2.seacom.io;Virtual Machine;Medium;Internal;Infrastructure / Virtualisation;Mtunzini
cp3.seacom.io;Virtual Machine;Medium;Internal;Infrastructure / Virtualisation;Mtunzini
cp4.seacom.io;Virtual Machine;Medium;Internal;Infrastructure / Virtualisation;Mtunzini
cp5.seacom.io;Virtual Machine;Medium;Internal;Infrastructure / Virtualisation;Mtunzini
cp6.seacom.io;Virtual Machine;Medium;Internal;Infrastructure / Virtualisation;Mtunzini
cp7.seacom.io;Virtual Machine;Medium;Internal;Infrastructure / Virtualisation;Mtunzini
cp8.seacom.io;Virtual Machine;Medium;Internal;Infrastructure / Virtualisation;Mtunzini
iris-dev01.seacom.mu;Virtual Machine;Low;Internal;Infrastructure / Virtualisation;Mtunzini
iris-poll01.seacom.mu;Virtual Machine;Medium;Internal;Infrastructure / Virtualisation;Mtunzini
mx2.seacom.mu;Virtual Machine;Medium;Internal;Infrastructure / Virtualisation;Mtunzini
ns-01-emg.za;Virtual Machine;High;Internal;Infrastructure / Virtualisation;Mtunzini
prod%20server%20unomena%20;Virtual Machine;Medium;Internal;Infrastructure / Virtualisation;Mtunzini
sl-01-emg;Virtual Machine;Medium;Internal;Infrastructure / Virtualisation;Mtunzini
vs-01-emg v 7.0;Virtual Machine;Medium;Internal;Infrastructure / Virtualisation;Mtunzini
hr back up;Virtual Machine;Low;Internal;Infrastructure / Virtualisation;London
ln-02-lhr.uk.seacomnet.com;Virtual Machine;Medium;Internal;Infrastructure / Virtualisation;London
sl-02-lhr.uk.seacomnet.com;Virtual Machine;Medium;Internal;Infrastructure / Virtualisation;London
Dee-Windows-MRS;Virtual Machine;Medium;Internal;Infrastructure / Virtualisation;Marseille
George's_VM;Virtual Machine;Low;Internal;Infrastructure / Virtualisation;Marseille
ln-01-mrs.fr;Virtual Machine;Medium;Internal;Infrastructure / Virtualisation;Marseille
ns-01-mrs;Virtual Machine;High;Internal;Infrastructure / Virtualisation;Marseille
ns-04-mrs.fr;Virtual Machine;High;Internal;Infrastructure / Virtualisation;Marseille
sl-01-mrs;Virtual Machine;Medium;Internal;Infrastructure / Virtualisation;Marseille
ln-02-dar;Virtual Machine;Medium;Internal;Infrastructure / Virtualisation;Dar es Salaam
vs-01-dat.tz;Virtual Machine;Medium;Internal;Infrastructure / Virtualisation;Dar es Salaam
vs-01-pnq.in;Virtual Machine;Medium;Internal;Infrastructure / Virtualisation;Dar es Salaam
Alma-8.10;Virtual Machine;Medium;Internal;Infrastructure / Virtualisation;Mtunzini
CIENA JUMPBOX;Virtual Machine;Low;Internal;Infrastructure / Virtualisation;Mtunzini
Ciena Control One;Virtual Machine;Medium;Internal;Infrastructure / Virtualisation;Mtunzini
Ciena License;Virtual Machine;Medium;Confidential;Infrastructure / Virtualisation;Mtunzini
DCN Radius;Virtual Machine;High;Confidential;Infrastructure / Virtualisation;Mtunzini
EMG-Lansweeper;Virtual Machine;Medium;Internal;Infrastructure / Virtualisation;Mtunzini
Infinera Dna;Virtual Machine;Medium;Internal;Infrastructure / Virtualisation;Mtunzini
Tejas EMS;Virtual Machine;Medium;Internal;Infrastructure / Virtualisation;Mtunzini
Transmission Radius;Virtual Machine;High;Confidential;Infrastructure / Virtualisation;Mtunzini
insight.seacom.mu;Virtual Machine;Medium;Internal;Infrastructure / Virtualisation;Mtunzini
logger;Virtual Machine;Medium;Internal;Infrastructure / Virtualisation;Mtunzini
nautobox;Virtual Machine;Medium;Internal;Infrastructure / Virtualisation;Mtunzini
netbox;Virtual Machine;Medium;Internal;Infrastructure / Virtualisation;Mtunzini
rs-01-jhb.za.seacomnet.com;Virtual Machine;Medium;Internal;Infrastructure / Virtualisation;Mtunzini
tx-MNC;Virtual Machine;Medium;Internal;Infrastructure / Virtualisation;Mtunzini
tx-mcp-lic;Virtual Machine;Medium;Internal;Infrastructure / Virtualisation;Mtunzini
tx-mcp1;Virtual Machine;Medium;Internal;Infrastructure / Virtualisation;Mtunzini
watz test;Virtual Machine;Low;Internal;Infrastructure / Virtualisation;Mtunzini
E-Tax Signer(Martin Sadera);Virtual Machine;Medium;Internal;Infrastructure / Virtualisation;Mombasa
Project & Visio Workstation;Virtual Machine;Medium;Internal;Infrastructure / Virtualisation;Mombasa
ns-01-mpm;Virtual Machine;High;Internal;Infrastructure / Virtualisation;Maputo
vs-01-mpm v 7.0;Virtual Machine;Medium;Internal;Infrastructure / Virtualisation;Maputo
Doreen-Windows VM EU jumpbox;Virtual Machine;Low;Internal;Infrastructure / Virtualisation;Marseille
CDN Tester;Virtual Machine;Low;Internal;Infrastructure / Virtualisation;Nairobi
Fusion-vspa;Virtual Machine;Medium;Internal;Infrastructure / Virtualisation;Nairobi
dee-test;Virtual Machine;Low;Internal;Infrastructure / Virtualisation;Nairobi
lg-01-nbo.ke;Virtual Machine;Medium;Internal;Infrastructure / Virtualisation;Nairobi
vs-01-cpt recordings (dont delete);Virtual Machine;Medium;Internal;Infrastructure / Virtualisation;Cape Town
vs-01-cpt v 7.0;Virtual Machine;Medium;Internal;Infrastructure / Virtualisation;Cape Town
Alma-8.10;Virtual Machine;Medium;Internal;Infrastructure / Virtualisation;Mtunzini
Anomaly Utilitsation Notification;Virtual Machine;Medium;Internal;Infrastructure / Virtualisation;Mtunzini
Fusion-vspa;Virtual Machine;Medium;Internal;Infrastructure / Virtualisation;Mtunzini
Spylnx aaa-01-emg;Virtual Machine;High;Internal;Infrastructure / Virtualisation;Mtunzini
dns-01-emg;Virtual Machine;High;Internal;Infrastructure / Virtualisation;Mtunzini
dnsflow.seacom.com;Virtual Machine;High;Internal;Infrastructure / Virtualisation;Mtunzini
insight;Virtual Machine;Medium;Internal;Infrastructure / Virtualisation;Mtunzini
ipa.seacomnet.com;Virtual Machine;Medium;Internal;Infrastructure / Virtualisation;Mtunzini
ns-01-emg.za;Virtual Machine;High;Internal;Infrastructure / Virtualisation;Mtunzini
sl-01-emg.za;Virtual Machine;Medium;Internal;Infrastructure / Virtualisation;Mtunzini
Mikrotik_radius-rs-01-jnb;Virtual Machine;High;Confidential;Infrastructure / Virtualisation;Johannesburg
db1.seacom.mu;Virtual Machine;Medium;Confidential;Infrastructure / Virtualisation;Johannesburg
ess.seacom.mu;Virtual Machine;Medium;Internal;Infrastructure / Virtualisation;Johannesburg
glam_server;Virtual Machine;Medium;Internal;Infrastructure / Virtualisation;Johannesburg
vip.seacomnet.com;Virtual Machine;Medium;Internal;Infrastructure / Virtualisation;Johannesburg
Fusion-LHR;Virtual Machine;Medium;Internal;Infrastructure / Virtualisation;London
Netscout Sightline TRA -02;Virtual Machine;Medium;Internal;Infrastructure / Virtualisation;London
Netscout Sightline TRA-02;Virtual Machine;Medium;Internal;Infrastructure / Virtualisation;London
ns-01-lhr.uk.seacomnet.com;Virtual Machine;High;Internal;Infrastructure / Virtualisation;London
ns-04-lhr.uk.seacomnet.com;Virtual Machine;High;Internal;Infrastructure / Virtualisation;London
Dyn Probe-MBA;Virtual Machine;Medium;Internal;Infrastructure / Virtualisation;Mombasa
MicroServices;Virtual Machine;Medium;Internal;Infrastructure / Virtualisation;Mombasa
NTP Server-DCN;Virtual Machine;Medium;Internal;Infrastructure / Virtualisation;Mombasa
Tech-connect.com VPC;Virtual Machine;Medium;Internal;Infrastructure / Virtualisation;Mombasa
compute1;Virtual Machine;Medium;Internal;Infrastructure / Virtualisation;Mombasa
compute2;Virtual Machine;Medium;Internal;Infrastructure / Virtualisation;Mombasa
control-node;Virtual Machine;Medium;Internal;Infrastructure / Virtualisation;Mombasa
devbok;Virtual Machine;Low;Internal;Infrastructure / Virtualisation;Mombasa
looking_glass;Virtual Machine;Medium;Internal;Infrastructure / Virtualisation;Mombasa
ns-02-mba.ke;Virtual Machine;High;Internal;Infrastructure / Virtualisation;Mombasa
seacom.mu;Virtual Machine;Medium;Internal;Infrastructure / Virtualisation;Mombasa
sl-01-mba;Virtual Machine;Medium;Internal;Infrastructure / Virtualisation;Mombasa
BT MOZ Sentry;Virtual Machine;Medium;Internal;Infrastructure / Virtualisation;Maputo
ns-03-mpm.mz;Virtual Machine;High;Internal;Infrastructure / Virtualisation;Maputo
ns-04-mpm.mz;Virtual Machine;High;Internal;Infrastructure / Virtualisation;Maputo
sl-01-mpm;Virtual Machine;Medium;Internal;Infrastructure / Virtualisation;Maputo
Fusion-NBO;Virtual Machine;Medium;Internal;Infrastructure / Virtualisation;Nairobi
Packet_Design;Virtual Machine;Medium;Internal;Infrastructure / Virtualisation;Nairobi
ems-01-nbo.ke;Virtual Machine;Medium;Internal;Infrastructure / Virtualisation;Nairobi
ln-02-nbo.ke;Virtual Machine;Medium;Internal;Infrastructure / Virtualisation;Nairobi
ns-01-nbo.ke;Virtual Machine;High;Internal;Infrastructure / Virtualisation;Nairobi
sl-01-nbo.ke;Virtual Machine;Medium;Internal;Infrastructure / Virtualisation;Nairobi
MS Monitoring;Virtual Machine;Medium;Internal;Infrastructure / Virtualisation;Cape Town
aaa-01-cpt;Virtual Machine;High;Internal;Infrastructure / Virtualisation;Cape Town
ns-01-cpt.za;Virtual Machine;High;Internal;Infrastructure / Virtualisation;Cape Town
ns-03-cpt;Virtual Machine;High;Internal;Infrastructure / Virtualisation;Cape Town
Fusion-vTA;Virtual Machine;Medium;Internal;Infrastructure / Virtualisation;Nairobi
Google WOC Server;Virtual Machine;Medium;Internal;Infrastructure / Virtualisation;Nairobi
Packet_Design;Virtual Machine;Medium;Internal;Infrastructure / Virtualisation;Nairobi
iris_nbo;Virtual Machine;Medium;Internal;Infrastructure / Virtualisation;Nairobi
Ciena Control One;Virtual Machine;Medium;Internal;Infrastructure / Virtualisation;Mombasa
Ciena License;Virtual Machine;Medium;Confidential;Infrastructure / Virtualisation;Mombasa
dnsflows;Virtual Machine;High;Internal;Infrastructure / Virtualisation;Johannesburg
docs.seacom.mu;Virtual Machine;Medium;Internal;Infrastructure / Virtualisation;Johannesburg
ln-02-jnb;Virtual Machine;Medium;Internal;Infrastructure / Virtualisation;Johannesburg
iris-poll03.seacom.mu_Johannesburg;Virtual Machine;Medium;Internal;Infrastructure / Virtualisation;Johannesburg
Ansible Tower Engineering;Virtual Machine;Medium;Internal;Infrastructure / Virtualisation;Johannesburg
BI360_DB;Virtual Machine;Medium;Confidential;Infrastructure / Virtualisation;Johannesburg
IP TAC VM-JNB;Virtual Machine;Medium;Internal;Infrastructure / Virtualisation;Johannesburg
Powerbi-Gw;Virtual Machine;Medium;Internal;Infrastructure / Virtualisation;Johannesburg
Windows-Filezilla;Virtual Machine;Medium;Internal;Infrastructure / Virtualisation;Johannesburg
Zcaler;Virtual Machine;Medium;Internal;Infrastructure / Virtualisation;Johannesburg
bi360-app;Virtual Machine;Medium;Internal;Infrastructure / Virtualisation;Johannesburg
grafana;Virtual Machine;Medium;Internal;Infrastructure / Virtualisation;Johannesburg
kentik JNB;Virtual Machine;Medium;Internal;Infrastructure / Virtualisation;Johannesburg
mikrotik poc;Virtual Machine;Low;Internal;Infrastructure / Virtualisation;Johannesburg
ns-03-jnb.za.seacomnet.com;Virtual Machine;High;Internal;Infrastructure / Virtualisation;Johannesburg
poudriere.seacomnet.com;Virtual Machine;Medium;Internal;Infrastructure / Virtualisation;Johannesburg
seacom-soa-dev01;Virtual Machine;Low;Internal;Infrastructure / Virtualisation;Johannesburg
Oxidized;Virtual Machine;Medium;Internal;Infrastructure / Virtualisation;Johannesburg
netalert-jnb-office;Virtual Machine;Medium;Internal;Infrastructure / Virtualisation;Johannesburg
vs-01-jnb v 7.0;Virtual Machine;Medium;Internal;Infrastructure / Virtualisation;Johannesburg
Bi360 -Solver 2;Virtual Machine;Medium;Internal;Infrastructure / Virtualisation;Johannesburg
Latency Web;Virtual Machine;Medium;Internal;Infrastructure / Virtualisation;Johannesburg
Netscout Sightline UI;Virtual Machine;Medium;Internal;Infrastructure / Virtualisation;Johannesburg
Netscout Sightline UI -V02;Virtual Machine;Medium;Internal;Infrastructure / Virtualisation;Johannesburg
Production Racktables;Virtual Machine;Medium;Internal;Infrastructure / Virtualisation;Johannesburg
as37100;Virtual Machine;Medium;Internal;Infrastructure / Virtualisation;Johannesburg
ns-01-jnb Master;Virtual Machine;High;Internal;Infrastructure / Virtualisation;Johannesburg
ns-02-jnb.za;Virtual Machine;High;Internal;Infrastructure / Virtualisation;Johannesburg
sl-01-jnb.za;Virtual Machine;Medium;Internal;Infrastructure / Virtualisation;Johannesburg
vs-02-jnb v 7.0;Virtual Machine;Medium;Internal;Infrastructure / Virtualisation;Johannesburg
Alma-Rhel-staging;Virtual Machine;Low;Internal;Infrastructure / Virtualisation;Johannesburg
Viavi;Virtual Machine;Medium;Internal;Infrastructure / Virtualisation;Johannesburg
awx;Virtual Machine;Medium;Internal;Infrastructure / Virtualisation;Johannesburg
awx-dev;Virtual Machine;Low;Internal;Infrastructure / Virtualisation;Johannesburg
dblatency;Virtual Machine;Medium;Confidential;Infrastructure / Virtualisation;Johannesburg
dee-vm2;Virtual Machine;Medium;Internal;Infrastructure / Virtualisation;Johannesburg
it-02-jnb;Virtual Machine;Medium;Internal;Infrastructure / Virtualisation;Johannesburg
nms.seacomnet.com;Virtual Machine;Medium;Internal;Infrastructure / Virtualisation;Johannesburg
oxidised;Virtual Machine;Medium;Internal;Infrastructure / Virtualisation;Johannesburg
vcenter-01;Virtual Machine;High;Internal;Infrastructure / Virtualisation;Johannesburg
Bi360 -Solver 2;Virtual Machine;Medium;Internal;Infrastructure / Virtualisation;Johannesburg
Doreen;Virtual Machine;Medium;Internal;Infrastructure / Virtualisation;Johannesburg
PDU POC;Virtual Machine;Low;Internal;Infrastructure / Virtualisation;Johannesburg
flow.seacom.com;Virtual Machine;Medium;Internal;Infrastructure / Virtualisation;Johannesburg
observium_prod;Virtual Machine;Medium;Internal;Infrastructure / Virtualisation;Johannesburg
oxidized-qa;Virtual Machine;Medium;Internal;Infrastructure / Virtualisation;Unknown
ln-01-jnb.za;Virtual Machine;Medium;Internal;Infrastructure / Virtualisation;Johannesburg
ln-03-jnb.za.seacomnet.com;Virtual Machine;Medium;Internal;Infrastructure / Virtualisation;Johannesburg
Fusion-vspa;Virtual Machine;Medium;Internal;Infrastructure / Virtualisation;Cape Town
Splynx;Virtual Machine;Medium;Internal;Infrastructure / Virtualisation;Cape Town
dev-box;Virtual Machine;Low;Internal;Infrastructure / Virtualisation;Cape Town
ns-02-cpt;Virtual Machine;High;Internal;Infrastructure / Virtualisation;Cape Town
radius splynx;Virtual Machine;High;Confidential;Infrastructure / Virtualisation;Cape Town
sl-01-cpt.za;Virtual Machine;Medium;Internal;Infrastructure / Virtualisation;Cape Town
Spylnx aaa-01-emg;Virtual Machine;High;Internal;Infrastructure / Virtualisation;Mtunzini
Fusion-Controller14.x;Virtual Machine;Medium;Internal;Infrastructure / Virtualisation;Johannesburg
Fusion-vspa;Virtual Machine;Medium;Internal;Infrastructure / Virtualisation;Johannesburg
IP-Eng-Jumpbox;Virtual Machine;Low;Internal;Infrastructure / Virtualisation;Johannesburg
Iris-dev;Virtual Machine;Low;Internal;Infrastructure / Virtualisation;Johannesburg
Splynx;Virtual Machine;Medium;Internal;Infrastructure / Virtualisation;Johannesburg
dns_stats;Virtual Machine;High;Internal;Infrastructure / Virtualisation;Johannesburg
flow.seacom.com;Virtual Machine;Medium;Internal;Infrastructure / Virtualisation;Johannesburg
ggc-lnx;Virtual Machine;Medium;Internal;Infrastructure / Virtualisation;Johannesburg